hit_rate,precision_at_k,k
0.9096774193548387,0.09096774193548388,10
