rmse,mae
0.8807462819979623,0.6765729095860605
